id,first_name,last_name,email,gender,department,salary
1,Ceil,Keightley,ckeightley0@seattletimes.com,Female,Research and Development,7511
2,Marita,Cranch,mcranch1@reference.com,Female,Research and Development,4074
3,Cassie,Scroggie,cscroggie2@nydailynews.com,Female,Engineering,6617
4,Humberto,Knighton,hknighton3@mozilla.com,Male,Product Management,3279
5,Genny,Meadowcraft,gmeadowcraft4@walmart.com,Female,Training,5443
6,Noble,Corn,ncorn5@soundcloud.com,Male,Support,7510
7,Ilario,Oulet,ioulet6@blogtalkradio.com,Male,Engineering,7177
8,Domingo,Siberry,dsiberry7@symantec.com,Male,Engineering,5071
9,Leesa,Conisbee,lconisbee8@bbc.co.uk,Female,Support,3878
10,Helaina,Bartels,hbartels9@whitehouse.gov,Female,Research and Development,5438
11,Alanson,Schall,aschalla@oakley.com,Male,Engineering,6171
12,Rogerio,Jouhan,rjouhanb@apache.org,Male,Accounting,6104
13,Casper,Camous,ccamousc@google.com,Male,Engineering,4666
14,Lulita,Matthiae,lmatthiaed@ask.com,Female,Services,3474
15,Tish,Benko,tbenkoe@slashdot.org,Female,Product Management,7480
16,Hadrian,Savage,hsavagef@parallels.com,Male,Training,5127
17,Karleen,Coucher,kcoucherg@howstuffworks.com,Female,Research and Development,6776
18,Godart,Wetherell,gwetherellh@redcross.org,Male,Accounting,4008
19,Shelagh,Stilgoe,sstilgoei@fc2.com,Female,Support,3954
20,Donalt,Bushe,dbushej@google.co.jp,Male,Services,7554
21,Jermaine,Swiffan,jswiffank@flavors.me,Male,Support,4556
22,Muffin,O'Nion,monionl@gmpg.org,Male,Training,4413
23,Donovan,Mallabon,dmallabonm@linkedin.com,Male,Sales,5658
24,Bradney,Comazzo,bcomazzon@about.com,Male,Support,7030
25,Anthiathia,Locksley,alocksleyo@cnet.com,Female,Services,6805
26,Kermit,Frances,kfrancesp@cafepress.com,Male,Engineering,5274
27,Jo,Duprey,jdupreyq@soundcloud.com,Male,Services,7712
28,Ettie,Carnihan,ecarnihanr@google.ca,Female,Services,4114
29,Boyd,Cope,bcopes@plala.or.jp,Male,Training,3567
30,Maris,Smith,msmitht@lycos.com,Female,Human Resources,4219
31,Farra,Addicote,faddicoteu@ocn.ne.jp,Female,Human Resources,6451
32,Ford,Kettlesing,fkettlesingv@ovh.net,Male,Sales,7481
33,Jacquenette,Cureton,jcuretonw@addthis.com,Female,Engineering,6946
34,Rita,Madden,rmaddenx@buzzfeed.com,Female,Services,5748
35,Lydie,Buttwell,lbuttwelly@bloglovin.com,Female,Services,6519
36,Magda,Mullinder,mmullinderz@flavors.me,Female,Support,3247
37,Howey,Ginni,hginni10@mtv.com,Male,Sales,4801
38,Bryan,Rutley,brutley11@stanford.edu,Male,Sales,4521
39,Shepherd,Lethabridge,slethabridge12@icio.us,Male,Legal,7777
40,Bebe,Kelmere,bkelmere13@pcworld.com,Female,Accounting,4411
41,Earvin,Cod,ecod14@hao123.com,Male,Business Development,5396
42,Yorgos,Murt,ymurt15@mashable.com,Male,Human Resources,4261
43,Aldrich,Wallicker,awallicker16@blogtalkradio.com,Male,Legal,7278
44,Mateo,Teaz,mteaz17@sphinn.com,Male,Accounting,6739
45,Hort,Kalisz,hkalisz18@ifeng.com,Male,Legal,4741
46,Alastair,Witherbed,awitherbed19@tripod.com,Male,Human Resources,7264
47,Glyn,Berry,gberry1a@tmall.com,Female,Services,7850
48,Keelby,Cohan,kcohan1b@patch.com,Male,Accounting,4690
49,Donnie,Joutapavicius,djoutapavicius1c@ihg.com,Female,Services,5028
50,Janeva,Statton,jstatton1d@scientificamerican.com,Female,Services,5455
51,Waylon,McCloughen,wmccloughen1e@intel.com,Male,Research and Development,6050
52,Reynard,Downing,rdowning1f@toplist.cz,Male,Accounting,5671
53,Hynda,Darree,hdarree1g@jimdo.com,Female,Business Development,3937
54,Gwyn,Blackley,gblackley1h@apple.com,Female,Human Resources,7736
55,Mayor,Burtenshaw,mburtenshaw1i@g.co,Male,Training,5546
56,Francklyn,Ullett,fullett1j@un.org,Male,Research and Development,3507
57,Andros,Lippiatt,alippiatt1k@chron.com,Male,Research and Development,5684
58,Gregoor,Baggett,gbaggett1l@ustream.tv,Male,Product Management,5649
59,Bartholomeus,Radford,bradford1m@engadget.com,Male,Training,7068
60,Arielle,Huske,ahuske1n@google.pl,Female,Legal,5457
61,Caralie,Hatcher,chatcher1o@apache.org,Female,Sales,5579
62,Ellis,Menloe,emenloe1p@arstechnica.com,Male,Product Management,7967
63,Roseann,Snasdell,rsnasdell1q@cmu.edu,Female,Accounting,4068
64,Felike,Lindsey,flindsey1r@columbia.edu,Male,Research and Development,5640
65,Hagen,Mannock,hmannock1s@shutterfly.com,Male,Training,7380
66,Kirsteni,Ramme,kramme1t@arizona.edu,Female,Engineering,7341
67,Jens,Norrie,jnorrie1u@icio.us,Male,Research and Development,3983
68,Klara,Cheesley,kcheesley1v@behance.net,Female,Training,5377
69,Taryn,Gogerty,tgogerty1w@umich.edu,Female,Services,4065
70,Gabbie,Risbrough,grisbrough1x@comcast.net,Female,Services,7806
71,Wenonah,Vido,wvido1y@blinklist.com,Female,Support,7731
72,Martainn,Christofides,mchristofides1z@amazonaws.com,Male,Research and Development,6547
73,Wyn,Standfield,wstandfield20@ucla.edu,Male,Sales,4510
74,Shaine,Chevin,schevin21@discuz.net,Male,Accounting,6269
75,Addy,Basketter,abasketter22@wunderground.com,Female,Human Resources,3966
76,Rosalyn,Ciccone,rciccone23@mac.com,Female,Product Management,5294
77,Curtice,Foister,cfoister24@networksolutions.com,Male,Training,3473
78,Terrill,Kinder,tkinder25@joomla.org,Male,Sales,4571
79,Ruthie,Pauncefort,rpauncefort26@stumbleupon.com,Female,Engineering,6753
80,Alisa,O'Fihily,aofihily27@mysql.com,Female,Sales,6990
81,Mabel,Martinuzzi,mmartinuzzi28@tinypic.com,Female,Accounting,3792
82,Fredrick,Phythien,fphythien29@storify.com,Male,Human Resources,6861
83,Jard,Goldsby,jgoldsby2a@homestead.com,Male,Marketing,6793
84,Mellisent,Beszant,mbeszant2b@furl.net,Female,Marketing,7391
85,Chiquita,Thompsett,cthompsett2c@freewebs.com,Female,Business Development,3346
86,Darice,Linne,dlinne2d@chronoengine.com,Female,Services,7947
87,Rodolph,Adamovitch,radamovitch2e@sakura.ne.jp,Male,Business Development,6654
88,Norton,Earry,nearry2f@bloglovin.com,Male,Product Management,5474
89,Rutter,Crawforth,rcrawforth2g@blogger.com,Male,Product Management,6179
90,Valaree,Bouchard,vbouchard2h@google.com.hk,Female,Research and Development,6652
91,Marisa,Elfes,melfes2i@paginegialle.it,Female,Research and Development,4425
92,Manuel,Crayk,mcrayk2j@networksolutions.com,Male,Human Resources,5150
93,Logan,Nacey,lnacey2k@lycos.com,Male,Product Management,5383
94,Waly,Cuesta,wcuesta2l@foxnews.com,Female,Support,4497
95,Bellanca,Urry,burry2m@rediff.com,Female,Sales,6613
96,Vale,Linay,vlinay2n@1und1.de,Male,Research and Development,3997
97,Etty,Bauduin,ebauduin2o@answers.com,Female,Research and Development,3311
98,Chaddie,Dugget,cdugget2p@apache.org,Male,Sales,4702
99,Madelaine,Bunce,mbunce2q@msn.com,Female,Product Management,4794
100,Sabina,Adcocks,sadcocks2r@facebook.com,Female,Sales,5524
101,Veronike,Smurthwaite,vsmurthwaite2s@ebay.co.uk,Female,Business Development,5142
102,Tarrance,Janata,tjanata2t@abc.net.au,Male,Training,7345
103,Renaud,Whitloe,rwhitloe2u@ebay.com,Male,Accounting,6754
104,Annalise,Muck,amuck2v@odnoklassniki.ru,Female,Training,3917
105,Tedd,Rubinowicz,trubinowicz2w@meetup.com,Male,Sales,6663
106,Estel,Corsham,ecorsham2x@dedecms.com,Female,Support,3943
107,Coleman,Veryard,cveryard2y@unicef.org,Male,Product Management,4182
108,Meriel,Kamenar,mkamenar2z@list-manage.com,Female,Sales,3511
109,Allyce,Ethelstone,aethelstone30@comsenz.com,Female,Business Development,6687
110,Jamison,Kain,jkain31@pagesperso-orange.fr,Male,Accounting,7190
111,Karlyn,Marsie,kmarsie32@alibaba.com,Female,Engineering,7186
112,Merl,Cattow,mcattow33@squarespace.com,Female,Services,3840
113,Berty,Sitch,bsitch34@sohu.com,Male,Accounting,5987
114,Hannis,Goldstraw,hgoldstraw35@marketwatch.com,Female,Services,6336
115,Breena,Northover,bnorthover36@opensource.org,Female,Engineering,4374
116,Gaspar,Lowsely,glowsely37@wikia.com,Male,Accounting,5071
117,Lotte,Loftus,lloftus38@fastcompany.com,Female,Product Management,7502
118,Wilone,Gyorffy,wgyorffy39@engadget.com,Female,Accounting,3361
119,Barbabas,Widdowfield,bwiddowfield3a@gmpg.org,Male,Sales,3500
120,Jobi,Cord,jcord3b@cbsnews.com,Female,Research and Development,5822
121,Craig,Errichelli,cerrichelli3c@bravesites.com,Male,Services,7118
122,Freddy,Scarse,fscarse3d@quantcast.com,Male,Accounting,5277
123,Pavel,Wimms,pwimms3e@businessinsider.com,Male,Marketing,7691
124,Merilyn,Colloby,mcolloby3f@t.co,Female,Research and Development,3568
125,Zaccaria,De la Eglise,zdelaeglise3g@photobucket.com,Male,Business Development,4622
126,Kamila,Lazell,klazell3h@github.com,Female,Support,6667
127,Lloyd,Mart,lmart3i@google.com.hk,Male,Support,4091
128,Aleksandr,Deviney,adeviney3j@tinypic.com,Male,Sales,4936
129,Jonah,Corten,jcorten3k@google.com,Male,Business Development,7309
130,Filmore,Bew,fbew3l@linkedin.com,Male,Services,3973
131,Federica,Petofi,fpetofi3m@dagondesign.com,Female,Business Development,4563
132,Kristine,Farnfield,kfarnfield3n@so-net.ne.jp,Female,Research and Development,6671
133,Osborne,Isaac,oisaac3o@usa.gov,Male,Engineering,3832
134,Avram,Fookes,afookes3p@devhub.com,Male,Services,6071
135,Gweneth,Soppett,gsoppett3q@pcworld.com,Female,Training,7682
136,Anestassia,Longman,alongman3r@dropbox.com,Female,Sales,3645
137,Tabina,Braikenridge,tbraikenridge3s@quantcast.com,Female,Engineering,5095
138,Richart,Meugens,rmeugens3t@bizjournals.com,Male,Services,7944
139,Guinevere,Rusted,grusted3u@liveinternet.ru,Female,Research and Development,7046
140,Gardiner,Torbard,gtorbard3v@indiegogo.com,Male,Sales,4440
141,Hasheem,Rundle,hrundle3w@about.me,Male,Support,5831
142,Gerty,Hart,ghart3x@nih.gov,Female,Marketing,3871
143,Corbett,Tremouille,ctremouille3y@nbcnews.com,Male,Product Management,7409
144,Worden,Herculeson,wherculeson3z@facebook.com,Male,Engineering,7805
145,Xenia,Rowling,xrowling40@bizjournals.com,Female,Marketing,6504
146,Sybyl,Zeplin,szeplin41@privacy.gov.au,Female,Sales,4151
147,Ashley,MacCurtain,amaccurtain42@google.es,Female,Product Management,4760
148,Callie,Batrick,cbatrick43@bloglines.com,Female,Engineering,4649
149,Carolynn,Whayman,cwhayman44@gov.uk,Female,Human Resources,5020
150,Katey,Pipes,kpipes45@latimes.com,Female,Human Resources,5502
151,Ring,Donativo,rdonativo46@spiegel.de,Male,Legal,4274
152,Mallory,Wybern,mwybern47@bloomberg.com,Female,Marketing,5262
153,Selig,MacMenamy,smacmenamy48@google.com.au,Male,Accounting,7349
154,Winston,McTiernan,wmctiernan49@ocn.ne.jp,Male,Research and Development,6971
155,Candide,Gordon-Giles,cgordongiles4a@amazonaws.com,Female,Research and Development,4389
156,Elsie,McCoish,emccoish4b@com.com,Female,Business Development,3519
157,Prisca,Duffy,pduffy4c@moonfruit.com,Female,Sales,7312
158,Cyrus,Rhydderch,crhydderch4d@arstechnica.com,Male,Product Management,3735
159,Siana,Valler,svaller4e@jugem.jp,Female,Product Management,7810
160,Dedie,Devereux,ddevereux4f@wp.com,Female,Research and Development,5515
161,Marga,Ariss,mariss4g@yellowpages.com,Female,Engineering,6542
162,Mirna,Duxfield,mduxfield4h@ca.gov,Female,Legal,6838
163,Ricoriki,Baskwell,rbaskwell4i@feedburner.com,Male,Legal,5719
164,Pietro,McWaters,pmcwaters4j@blogtalkradio.com,Male,Research and Development,7732
165,Sayres,Kirvell,skirvell4k@google.cn,Male,Services,6255
166,Gale,Escoffrey,gescoffrey4l@purevolume.com,Male,Research and Development,3634
167,Bibi,O'Hagirtie,bohagirtie4m@patch.com,Female,Product Management,6044
168,Jefferey,Pill,jpill4n@gmpg.org,Male,Marketing,4712
169,Jacobo,Gaiter,jgaiter4o@theglobeandmail.com,Male,Research and Development,3560
170,Aharon,Sondon,asondon4p@mashable.com,Male,Legal,6188
171,Clyde,O'Sculley,cosculley4q@blogtalkradio.com,Male,Legal,7208
172,Lucila,Hovenden,lhovenden4r@techcrunch.com,Female,Training,4954
173,Fulvia,Smithyman,fsmithyman4s@prnewswire.com,Female,Support,5920
174,Donielle,Pentelow,dpentelow4t@weibo.com,Female,Services,6113
175,Nikos,Stilgo,nstilgo4u@youku.com,Male,Training,7399
176,Sigmund,Flann,sflann4v@constantcontact.com,Male,Training,3774
177,Sherwin,Pipworth,spipworth4w@ycombinator.com,Male,Product Management,7756
178,Kingsley,Pickerin,kpickerin4x@craigslist.org,Male,Services,3796
179,Rodge,Golledge,rgolledge4y@nba.com,Male,Marketing,6346
180,Madel,Hobble,mhobble4z@mashable.com,Female,Training,4944
181,Hermina,Kilbane,hkilbane50@google.com.hk,Female,Research and Development,7220
182,Saunderson,Goldin,sgoldin51@163.com,Male,Product Management,4663
183,Kacey,Rosita,krosita52@alexa.com,Female,Support,3382
184,Belle,O'Shields,boshields53@weebly.com,Female,Training,7914
185,Fleurette,Erington,ferington54@w3.org,Female,Product Management,5522
186,Taber,Oliphand,toliphand55@tripod.com,Male,Human Resources,3349
187,Waylen,Fortnum,wfortnum56@phoca.cz,Male,Training,4404
188,Myrna,Frisel,mfrisel57@geocities.com,Female,Training,4947
189,Rochella,MacNab,rmacnab58@ustream.tv,Female,Services,7843
190,Noami,Wandrack,nwandrack59@furl.net,Female,Legal,6076
191,Marysa,Manford,mmanford5a@nifty.com,Female,Services,7782
192,Angie,Chatelet,achatelet5b@imgur.com,Male,Business Development,3651
193,Jaimie,Leng,jleng5c@ocn.ne.jp,Female,Product Management,6894
194,Dani,Caldeiro,dcaldeiro5d@sbwire.com,Female,Sales,6409
195,Mickie,Pawelczyk,mpawelczyk5e@mail.ru,Male,Services,5982
196,Jabez,Dimitrov,jdimitrov5f@ebay.com,Male,Engineering,3701
197,Corey,Juppe,cjuppe5g@163.com,Female,Marketing,4990
198,Collin,Ianiello,cianiello5h@goo.gl,Male,Research and Development,4534
199,Vallie,Pacey,vpacey5i@weibo.com,Female,Business Development,4014
200,Pavla,Grady,pgrady5j@prweb.com,Female,Training,6874
201,Ignacio,Pitrollo,ipitrollo5k@cnet.com,Male,Support,5465
202,Gawain,Butting,gbutting5l@yahoo.com,Male,Engineering,7297
203,Aeriel,Cohani,acohani5m@weather.com,Female,Business Development,4263
204,Stephanus,Elcom,selcom5n@discovery.com,Male,Training,7862
205,Minnie,Cayzer,mcayzer5o@skype.com,Female,Legal,3602
206,Charita,Stovine,cstovine5p@ifeng.com,Female,Training,5045
207,Caryn,Rowbottam,crowbottam5q@theatlantic.com,Female,Engineering,4243
208,Vance,Alleyn,valleyn5r@japanpost.jp,Male,Accounting,5565
209,Glynda,Jemison,gjemison5s@discuz.net,Female,Support,4999
210,Cole,Clapp,cclapp5t@meetup.com,Male,Research and Development,5185
211,Roman,O'Shiels,roshiels5u@sfgate.com,Male,Legal,4627
212,Gery,Curtiss,gcurtiss5v@quantcast.com,Male,Engineering,3364
213,Nadine,O'Halligan,nohalligan5w@webmd.com,Female,Human Resources,4323
214,Anet,Ramsbotham,aramsbotham5x@about.me,Female,Services,3367
215,Michale,Durtnell,mdurtnell5y@4shared.com,Male,Marketing,4103
216,Corty,Josling,cjosling5z@bbc.co.uk,Male,Product Management,4086
217,Job,Allington,jallington60@bizjournals.com,Male,Research and Development,3841
218,Gretal,Fosher,gfosher61@ovh.net,Female,Legal,5295
219,Davis,Rivalant,drivalant62@studiopress.com,Male,Training,6090
220,Sansone,Gurry,sgurry63@usda.gov,Male,Research and Development,6710
221,Darsie,Lympany,dlympany64@t.co,Female,Marketing,4430
222,Delinda,Blunn,dblunn65@typepad.com,Female,Product Management,5245
223,Janos,Abramov,jabramov66@wikipedia.org,Male,Legal,5139
224,Ludvig,Vanyukhin,lvanyukhin67@nytimes.com,Male,Human Resources,4335
225,Aland,Pipet,apipet68@ocn.ne.jp,Male,Support,3850
226,Reginauld,Pagden,rpagden69@time.com,Male,Research and Development,5058
227,Leshia,Searight,lsearight6a@dailymail.co.uk,Female,Legal,5845
228,Mira,Peterson,mpeterson6b@abc.net.au,Female,Research and Development,4764
229,Holly,Hammor,hhammor6c@trellian.com,Female,Sales,5655
230,Stanford,Dallman,sdallman6d@ca.gov,Male,Marketing,7108
231,Maible,Loche,mloche6e@ezinearticles.com,Female,Support,5724
232,Baillie,Dorkens,bdorkens6f@wufoo.com,Male,Research and Development,6569
233,Ringo,Dewicke,rdewicke6g@1und1.de,Male,Sales,4513
234,Walt,Gieves,wgieves6h@squidoo.com,Male,Human Resources,4498
235,Shanda,Griffin,sgriffin6i@imgur.com,Female,Services,6416
236,Ari,Stickney,astickney6j@webnode.com,Male,Research and Development,6296
237,Warden,Darington,wdarington6k@discuz.net,Male,Research and Development,7669
238,Theodora,Andrelli,tandrelli6l@fotki.com,Female,Sales,5051
239,Lynda,Beldon,lbeldon6m@photobucket.com,Female,Marketing,6921
240,Jard,Wanell,jwanell6n@marketwatch.com,Male,Business Development,3369
241,Annabela,Fonquernie,afonquernie6o@chronoengine.com,Female,Services,7935
242,Rozele,Keech,rkeech6p@alibaba.com,Female,Marketing,4262
243,Loutitia,Stovold,lstovold6q@china.com.cn,Female,Marketing,7267
244,Ken,Stonuary,kstonuary6r@constantcontact.com,Male,Support,4820
245,Aurlie,Spritt,aspritt6s@cornell.edu,Female,Engineering,3902
246,Georgetta,Scough,gscough6t@webeden.co.uk,Female,Sales,5840
247,Janos,Winks,jwinks6u@newyorker.com,Male,Sales,7846
248,Viole,Goves,vgoves6v@issuu.com,Female,Support,3986
249,Mill,Enric,menric6w@europa.eu,Male,Engineering,4938
250,Miles,Abbots,mabbots6x@blogs.com,Male,Legal,6596
251,Crichton,Aylen,caylen6y@dailymotion.com,Male,Engineering,5382
252,Chrisy,Winmill,cwinmill6z@china.com.cn,Male,Product Management,5899
253,Benedict,Willavize,bwillavize70@newyorker.com,Male,Product Management,5692
254,Ondrea,Whimpenny,owhimpenny71@geocities.jp,Female,Business Development,5480
255,Alden,Milbank,amilbank72@last.fm,Male,Engineering,7944
256,Jeramey,Wilshaw,jwilshaw73@amazon.co.jp,Male,Services,5160
257,Arnie,Polin,apolin74@cbsnews.com,Male,Training,5606
258,Aime,Dominguez,adominguez75@hao123.com,Female,Human Resources,6087
259,Holt,Longmire,hlongmire76@nps.gov,Male,Research and Development,4795
260,Isa,Breese,ibreese77@tripod.com,Female,Accounting,7399
261,Alis,Pickles,apickles78@tinypic.com,Female,Marketing,6068
262,Basile,MacRitchie,bmacritchie79@shareasale.com,Male,Accounting,6980
263,Raddy,Mumby,rmumby7a@psu.edu,Male,Research and Development,5344
264,Adolpho,Moreman,amoreman7b@mysql.com,Male,Services,7655
265,Zelig,Poupard,zpoupard7c@topsy.com,Male,Training,5805
266,Roslyn,Razoux,rrazoux7d@yahoo.co.jp,Female,Training,5187
267,Ford,Challace,fchallace7e@eepurl.com,Male,Support,7456
268,Crista,Gerner,cgerner7f@rambler.ru,Female,Accounting,7547
269,Hilde,Limb,hlimb7g@unblog.fr,Female,Human Resources,3469
270,Petronille,Eby,peby7h@craigslist.org,Female,Support,6603
271,Corenda,Whaley,cwhaley7i@twitpic.com,Female,Sales,4411
272,Skylar,Hutchinson,shutchinson7j@usnews.com,Male,Services,7473
273,Jay,Kilbee,jkilbee7k@twitpic.com,Male,Engineering,7068
274,Baxie,Walicki,bwalicki7l@timesonline.co.uk,Male,Legal,5848
275,Winny,Dumbare,wdumbare7m@mashable.com,Male,Sales,7294
276,Pinchas,Cella,pcella7n@imgur.com,Male,Business Development,7045
277,Wolfie,Schulz,wschulz7o@wikimedia.org,Male,Business Development,4750
278,Rad,Sampey,rsampey7p@omniture.com,Male,Human Resources,4306
279,Erin,Azam,eazam7q@nsw.gov.au,Male,Business Development,4808
280,Dannel,Chrystal,dchrystal7r@php.net,Male,Business Development,5975
281,Lacey,Shemilt,lshemilt7s@so-net.ne.jp,Female,Training,7576
282,Caryl,Guilloux,cguilloux7t@google.pl,Female,Business Development,5404
283,Maurise,Haslewood,mhaslewood7u@apple.com,Male,Legal,5679
284,Chadwick,Duke,cduke7v@linkedin.com,Male,Legal,3268
285,Jamison,Waywell,jwaywell7w@webs.com,Male,Services,3970
286,Albina,Rozzell,arozzell7x@about.com,Female,Human Resources,5275
287,Joellen,Dounbare,jdounbare7y@cdc.gov,Female,Services,6701
288,Marlow,Birks,mbirks7z@omniture.com,Male,Research and Development,4899
289,Jay,Caghy,jcaghy80@ox.ac.uk,Male,Product Management,3899
290,Kalinda,Boldero,kboldero81@upenn.edu,Female,Business Development,5504
291,Scot,Flay,sflay82@feedburner.com,Male,Training,3459
292,Codie,Vamplers,cvamplers83@jimdo.com,Male,Sales,5699
293,Guthrie,Siss,gsiss84@go.com,Male,Sales,7320
294,Baily,Brackpool,bbrackpool85@ucla.edu,Male,Training,5568
295,Inglis,Verrico,iverrico86@google.cn,Male,Human Resources,3799
296,Dinah,Deppe,ddeppe87@msu.edu,Female,Accounting,7511
297,Liuka,Rodell,lrodell88@miibeian.gov.cn,Female,Marketing,7592
298,Isobel,Hards,ihards89@ebay.com,Female,Product Management,6077
299,Price,Orthmann,porthmann8a@youku.com,Male,Research and Development,7724
300,Pierette,Costi,pcosti8b@bluehost.com,Female,Accounting,7058
301,Erena,Berrisford,eberrisford8c@timesonline.co.uk,Female,Sales,5136
302,Archaimbaud,Westwick,awestwick8d@mozilla.org,Male,Training,4381
303,Barbee,Dodsley,bdodsley8e@g.co,Female,Human Resources,6469
304,Lanna,Broadhurst,lbroadhurst8f@myspace.com,Female,Sales,6674
305,Lotte,Geere,lgeere8g@paypal.com,Female,Training,6650
306,Antonetta,Tudbald,atudbald8h@nytimes.com,Female,Support,5058
307,Adaline,Kepling,akepling8i@i2i.jp,Female,Marketing,4243
308,Patsy,Schachter,pschachter8j@elegantthemes.com,Male,Services,3329
309,Niki,Kwietak,nkwietak8k@usnews.com,Male,Legal,6593
310,Ettore,Graser,egraser8l@cnn.com,Male,Legal,6563
311,Benoite,Gronou,bgronou8m@storify.com,Female,Services,7781
312,Eduino,Caro,ecaro8n@myspace.com,Male,Services,4494
313,Nev,Eustice,neustice8o@buzzfeed.com,Male,Business Development,3522
314,Barnie,Rupert,brupert8p@japanpost.jp,Male,Product Management,4352
315,Isobel,O'Hingerty,iohingerty8q@cocolog-nifty.com,Female,Business Development,3339
316,Roldan,Lismore,rlismore8r@scientificamerican.com,Male,Marketing,4364
317,Cristi,Mc Corley,cmccorley8s@nps.gov,Female,Engineering,3631
318,Kevon,Romera,kromera8t@lulu.com,Male,Business Development,7064
319,Celka,Heisler,cheisler8u@google.com.au,Female,Support,6845
320,Blake,Teideman,bteideman8v@stumbleupon.com,Female,Marketing,3336
321,Jeremias,Papachristophorou,jpapachristophorou8w@nature.com,Male,Human Resources,6924
322,Jacklin,Purveys,jpurveys8x@ebay.co.uk,Female,Human Resources,7076
323,Gradeigh,Lies,glies8y@chicagotribune.com,Male,Support,4517
324,Shari,Peracco,speracco8z@washington.edu,Female,Business Development,6162
325,Kaila,Crass,kcrass90@instagram.com,Female,Training,6212
326,Hetty,Sprionghall,hsprionghall91@earthlink.net,Female,Product Management,6235
327,Lilith,McPhaden,lmcphaden92@slashdot.org,Female,Business Development,6297
328,Phil,Mellings,pmellings93@printfriendly.com,Female,Legal,5938
329,Mortimer,Pargent,mpargent94@google.it,Male,Sales,7233
330,Benjie,Murch,bmurch95@theguardian.com,Male,Services,7935
331,Cassondra,Vescovo,cvescovo96@apache.org,Female,Human Resources,5749
332,Mary,Warboys,mwarboys97@merriam-webster.com,Female,Support,7409
333,Gare,Corah,gcorah98@de.vu,Male,Sales,3450
334,Jennee,Prott,jprott99@arizona.edu,Female,Marketing,6324
335,Charita,Eastcott,ceastcott9a@weibo.com,Female,Engineering,4990
336,Daphna,Sidnell,dsidnell9b@purevolume.com,Female,Human Resources,3762
337,West,Colton,wcolton9c@archive.org,Male,Accounting,7809
338,Skippie,Brandsen,sbrandsen9d@tripod.com,Male,Human Resources,7852
339,Anne,Jamot,ajamot9e@sciencedirect.com,Female,Engineering,5174
340,Brietta,Riddler,briddler9f@blog.com,Female,Services,3457
341,Millisent,Bisatt,mbisatt9g@slideshare.net,Female,Product Management,5909
342,Odele,Buckam,obuckam9h@youtube.com,Female,Business Development,6326
343,Patric,Witch,pwitch9i@ustream.tv,Male,Engineering,3839
344,Peyter,Steeples,psteeples9j@prnewswire.com,Male,Training,7274
345,Enrica,Cobello,ecobello9k@nsw.gov.au,Female,Research and Development,4315
346,Junie,Van de Vlies,jvandevlies9l@yale.edu,Female,Engineering,7550
347,Patrizia,Gopsill,pgopsill9m@aboutads.info,Female,Product Management,4311
348,Jacklin,Moreinis,jmoreinis9n@indiegogo.com,Female,Support,4224
349,Ulises,Braham,ubraham9o@latimes.com,Male,Training,5454
350,Merwyn,Augie,maugie9p@zdnet.com,Male,Accounting,4483
351,Carly,Yanyushkin,cyanyushkin9q@google.co.uk,Female,Business Development,3289
352,Had,Biswell,hbiswell9r@histats.com,Male,Support,3741
353,Bobine,Halifax,bhalifax9s@usgs.gov,Female,Product Management,6110
354,Binni,Le Grys,blegrys9t@nsw.gov.au,Female,Sales,4324
355,Dido,Ambrogetti,dambrogetti9u@sun.com,Female,Business Development,6052
356,Daphne,Willman,dwillman9v@delicious.com,Female,Sales,3218
357,Easter,Fechnie,efechnie9w@etsy.com,Female,Human Resources,7672
358,Wendie,Todaro,wtodaro9x@salon.com,Female,Sales,5957
359,Miner,Presnall,mpresnall9y@lulu.com,Male,Business Development,7377
360,Melisenda,O'Driscole,modriscole9z@walmart.com,Female,Sales,7214
361,Klemens,Abdon,kabdona0@icio.us,Male,Training,5905
362,Robbi,Duddell,rduddella1@vimeo.com,Female,Engineering,6237
363,Linet,Brown,lbrowna2@blog.com,Female,Sales,3278
364,Obediah,Elesander,oelesandera3@elegantthemes.com,Male,Human Resources,5824
365,Karolina,Robke,krobkea4@youtube.com,Female,Legal,3514
366,Carroll,Chartre,cchartrea5@list-manage.com,Female,Marketing,4376
367,Victor,Norton,vnortona6@arizona.edu,Male,Product Management,4920
368,Ferguson,Earle,fearlea7@wsj.com,Male,Sales,5229
369,Benni,Slamaker,bslamakera8@nationalgeographic.com,Female,Sales,7587
370,Lynn,Garmans,lgarmansa9@gizmodo.com,Female,Legal,4896
371,Marline,Vasyushkhin,mvasyushkhinaa@youtube.com,Female,Sales,7788
372,Alice,Connechy,aconnechyab@state.tx.us,Female,Support,4486
373,Zebedee,Jewes,zjewesac@furl.net,Male,Support,7673
374,Tove,Tilio,ttilioad@deviantart.com,Female,Business Development,7752
375,Leta,Van der Kruis,lvanderkruisae@usgs.gov,Female,Research and Development,4386
376,Gillie,Harbin,gharbinaf@msn.com,Female,Training,3793
377,Kippie,Paffitt,kpaffittag@icq.com,Male,Sales,3321
378,Sherwood,McEachern,smceachernah@house.gov,Male,Product Management,7298
379,Findley,Rajchert,frajchertai@guardian.co.uk,Male,Marketing,3534
380,Bud,Dickie,bdickieaj@earthlink.net,Male,Training,6609
381,Sigvard,Norres,snorresak@auda.org.au,Male,Sales,5318
382,Winne,Dowty,wdowtyal@yolasite.com,Female,Business Development,5775
383,Bobbye,Currao,bcurraoam@reuters.com,Female,Support,4586
384,Horst,Bartos,hbartosan@goo.ne.jp,Male,Training,7413
385,Gretchen,Blose,gbloseao@slideshare.net,Female,Marketing,3266
386,Delila,Ivell,divellap@tuttocitta.it,Female,Engineering,3837
387,Griffy,Heath,gheathaq@independent.co.uk,Male,Legal,4246
388,Morena,Haney,mhaneyar@alibaba.com,Female,Legal,4637
389,Willis,Goffe,wgoffeas@fotki.com,Male,Accounting,3522
390,Rivy,Alldis,ralldisat@si.edu,Female,Business Development,6686
391,Shaine,Wegener,swegenerau@usnews.com,Female,Support,4009
392,Jarrid,Beddon,jbeddonav@comcast.net,Male,Research and Development,4231
393,Geordie,Ruselin,gruselinaw@bloglovin.com,Male,Human Resources,3271
394,Alfy,Vibert,avibertax@blogs.com,Female,Business Development,7420
395,Amandi,McPeck,amcpeckay@bbc.co.uk,Female,Marketing,7562
396,Jermaine,Klaes,jklaesaz@sogou.com,Female,Accounting,7292
397,Vidovic,Wylder,vwylderb0@hhs.gov,Male,Research and Development,5871
398,Eugenie,Detheridge,edetheridgeb1@elpais.com,Female,Business Development,6313
399,Jillene,Tythe,jtytheb2@webnode.com,Female,Training,4319
400,Cecil,Morsey,cmorseyb3@tinypic.com,Male,Services,6034
401,Vivi,Chatterton,vchattertonb4@tinyurl.com,Female,Human Resources,6095
402,Austen,Kitchingman,akitchingmanb5@utexas.edu,Male,Sales,4526
403,Roosevelt,Shackleford,rshacklefordb6@fda.gov,Male,Product Management,6152
404,Kerk,Simmers,ksimmersb7@skype.com,Male,Support,6627
405,Aloise,Cayet,acayetb8@si.edu,Female,Support,3291
406,Wynny,Fanti,wfantib9@dagondesign.com,Female,Engineering,4343
407,Lara,Wilkennson,lwilkennsonba@cisco.com,Female,Sales,4138
408,Debora,Crose,dcrosebb@slashdot.org,Female,Training,3858
409,Dasie,Tie,dtiebc@is.gd,Female,Research and Development,7522
410,Leonanie,Gabb,lgabbbd@amazonaws.com,Female,Research and Development,6487
411,Rod,Seaborne,rseabornebe@usatoday.com,Male,Product Management,5855
412,Dody,Hallstone,dhallstonebf@lycos.com,Female,Training,3409
413,Johanna,Mannion,jmannionbg@virginia.edu,Female,Business Development,7203
414,Salomon,Letson,sletsonbh@ezinearticles.com,Male,Human Resources,4435
415,Nadia,Turville,nturvillebi@ovh.net,Female,Training,4765
416,Janella,Karpman,jkarpmanbj@pen.io,Female,Engineering,4000
417,Myrah,Bausmann,mbausmannbk@webeden.co.uk,Female,Sales,6283
418,Hailey,Keeves,hkeevesbl@java.com,Male,Accounting,6456
419,Nancee,Stanner,nstannerbm@vk.com,Female,Accounting,5595
420,Dianna,Tomczykowski,dtomczykowskibn@soundcloud.com,Female,Training,3812
421,Hedi,Yokley,hyokleybo@fastcompany.com,Female,Marketing,3925
422,Aubrie,Trengrove,atrengrovebp@shinystat.com,Female,Marketing,4052
423,Ofelia,Maylor,omaylorbq@answers.com,Female,Sales,7073
424,Myrtice,Bosley,mbosleybr@youtu.be,Female,Engineering,5144
425,Mal,Thieme,mthiemebs@yelp.com,Male,Sales,6435
426,Rachele,Haughton,rhaughtonbt@spiegel.de,Female,Services,4725
427,Patton,Buntin,pbuntinbu@forbes.com,Male,Training,7828
428,Nicolle,Bentke,nbentkebv@e-recht24.de,Female,Support,4353
429,Kat,Shayes,kshayesbw@so-net.ne.jp,Female,Support,6692
430,Aviva,Varran,avarranbx@addthis.com,Female,Accounting,5341
431,Conny,Hawney,chawneyby@dailymail.co.uk,Female,Legal,6033
432,Garrett,Fairfoull,gfairfoullbz@about.me,Male,Services,4709
433,Cassandra,Caldes,ccaldesc0@altervista.org,Female,Business Development,6847
434,Wallie,Couper,wcouperc1@wunderground.com,Female,Services,3634
435,Jacob,Meo,jmeoc2@yale.edu,Male,Legal,3509
436,Aylmer,Ansett,aansettc3@hostgator.com,Male,Research and Development,6553
437,Bancroft,Jeratt,bjerattc4@php.net,Male,Sales,6645
438,Kore,Fishly,kfishlyc5@upenn.edu,Female,Sales,5700
439,Lydon,Lindmark,llindmarkc6@arstechnica.com,Male,Business Development,4459
440,Agretha,Huggons,ahuggonsc7@hc360.com,Female,Human Resources,6722
441,Michelle,Solan,msolanc8@mtv.com,Female,Training,3627
442,Rriocard,Childerhouse,rchilderhousec9@statcounter.com,Male,Research and Development,6129
443,Layney,Skinn,lskinnca@usa.gov,Female,Training,7755
444,Dewie,Haughan,dhaughancb@marriott.com,Male,Accounting,7870
445,Ivie,Trimby,itrimbycc@parallels.com,Female,Legal,5732
446,Genni,O' Finan,gofinancd@unesco.org,Female,Marketing,5210
447,Emlen,Risdale,erisdalece@hugedomains.com,Male,Research and Development,7314
448,Levon,Jachimiak,ljachimiakcf@cisco.com,Male,Legal,6363
449,Brianna,Tice,bticecg@samsung.com,Female,Accounting,6176
450,Andreas,Brann,abrannch@ebay.co.uk,Male,Product Management,5578
451,Mathew,Valiant,mvaliantci@springer.com,Male,Training,5509
452,Nana,Knapp,nknappcj@bigcartel.com,Female,Support,7602
453,Kare,Orr,korrck@php.net,Female,Accounting,4347
454,Kimball,Maggiori,kmaggioricl@jigsy.com,Male,Product Management,6302
455,Rafi,Hacaud,rhacaudcm@google.co.jp,Male,Engineering,3432
456,Cris,Hansell,chansellcn@last.fm,Female,Research and Development,4388
457,Deane,Gowthorpe,dgowthorpeco@dedecms.com,Male,Support,4783
458,Humbert,Mulrean,hmulreancp@4shared.com,Male,Product Management,4868
459,Gordon,O'Sharry,gosharrycq@jugem.jp,Male,Research and Development,7409
460,Tedie,Metzel,tmetzelcr@surveymonkey.com,Male,Training,3406
461,Charis,Guierre,cguierrecs@phpbb.com,Female,Business Development,7039
462,Caryl,Swainger,cswaingerct@ft.com,Male,Business Development,6152
463,Reeba,Wombwell,rwombwellcu@omniture.com,Female,Accounting,7459
464,Wake,Tanguy,wtanguycv@nature.com,Male,Engineering,3604
465,Steffen,Adshad,sadshadcw@vimeo.com,Male,Training,6896
466,Issiah,Gowrich,igowrichcx@google.cn,Male,Sales,4499
467,Fredrika,Gerber,fgerbercy@sakura.ne.jp,Female,Services,7144
468,Nadine,Workes,nworkescz@macromedia.com,Female,Research and Development,7479
469,Cale,Lavallie,clavallied0@ow.ly,Male,Sales,7265
470,Gretal,Karlsen,gkarlsend1@upenn.edu,Female,Sales,3641
471,Mitchel,Pegler,mpeglerd2@nasa.gov,Male,Legal,3767
472,Rebeka,Wharlton,rwharltond3@yelp.com,Female,Services,3213
473,Cher,Haycock,chaycockd4@ted.com,Female,Sales,3780
474,Jock,Todaro,jtodarod5@spotify.com,Male,Legal,5183
475,Moishe,Sheed,msheedd6@independent.co.uk,Male,Engineering,6094
476,Ezekiel,Kinver,ekinverd7@umn.edu,Male,Accounting,4967
477,Beatrix,Moger,bmogerd8@imdb.com,Female,Training,5976
478,Artemas,Vel,aveld9@utexas.edu,Male,Research and Development,3536
479,Arden,Vedenyakin,avedenyakinda@myspace.com,Female,Human Resources,6689
480,Bartel,Murrison,bmurrisondb@trellian.com,Male,Support,6913
481,Raffarty,Twist,rtwistdc@google.it,Male,Sales,3445
482,Bunnie,Gerrill,bgerrilldd@hp.com,Female,Legal,7304
483,Dion,Corselles,dcorsellesde@amazon.co.jp,Female,Sales,4599
484,Randy,Antonowicz,rantonowiczdf@unc.edu,Male,Product Management,4182
485,Eddi,Briant,ebriantdg@toplist.cz,Female,Business Development,6790
486,Derick,Anton,dantondh@earthlink.net,Male,Training,4023
487,Yettie,Yallop,yyallopdi@pinterest.com,Female,Services,4001
488,Cesare,Domenichini,cdomenichinidj@bloomberg.com,Male,Training,7258
489,Farris,Brazur,fbrazurdk@tiny.cc,Male,Marketing,6570
490,Juan,McGeever,jmcgeeverdl@plala.or.jp,Male,Business Development,5429
491,Rodina,Fellowes,rfellowesdm@ask.com,Female,Marketing,7953
492,Ganny,Wenman,gwenmandn@cmu.edu,Male,Engineering,3622
493,Nanny,Treffrey,ntreffreydo@alexa.com,Female,Product Management,4779
494,Erie,Stallan,estallandp@acquirethisname.com,Male,Accounting,3579
495,Rorke,Brodbin,rbrodbindq@apple.com,Male,Product Management,7048
496,Nat,McGreay,nmcgreaydr@topsy.com,Female,Marketing,4096
497,Godwin,Gerdes,ggerdesds@newyorker.com,Male,Human Resources,5416
498,Andre,Starzaker,astarzakerdt@yelp.com,Male,Human Resources,6050
499,Keith,Haruard,kharuarddu@163.com,Male,Legal,5099
500,Heath,Corke,hcorkedv@instagram.com,Female,Services,6137
501,Colan,Ahmed,cahmeddw@hatena.ne.jp,Male,Sales,4201
502,Adeline,Nunn,anunndx@ibm.com,Female,Training,3729
503,Correy,MacFaell,cmacfaelldy@ucoz.com,Male,Marketing,5876
504,Francine,Balfour,fbalfourdz@cargocollective.com,Female,Human Resources,7231
505,Anatole,Bowle,abowlee0@etsy.com,Male,Human Resources,6579
506,Dix,Vallintine,dvallintinee1@cbsnews.com,Female,Services,7996
507,Ulrica,Stollenberg,ustollenberge2@mail.ru,Female,Research and Development,5520
508,Delbert,Linkin,dlinkine3@biglobe.ne.jp,Male,Human Resources,3685
509,Teodoor,Ivantyev,tivantyeve4@e-recht24.de,Male,Marketing,7836
510,Pincus,Senyard,psenyarde5@ucsd.edu,Male,Engineering,7457
511,Carce,Fearnside,cfearnsidee6@cnn.com,Male,Accounting,4700
512,Noreen,Storres,nstorrese7@ted.com,Female,Business Development,7843
513,Paola,Fildes,pfildese8@archive.org,Female,Research and Development,4202
514,Brock,Marjanovic,bmarjanovice9@alexa.com,Male,Research and Development,6363
515,Berty,Towner,btownerea@reference.com,Female,Human Resources,3466
516,Nickolas,Kincey,nkinceyeb@mayoclinic.com,Male,Business Development,4969
517,Kristofor,Kenryd,kkenrydec@wiley.com,Male,Product Management,6250
518,Bay,Pusill,bpusilled@dailymotion.com,Male,Training,5449
519,Donall,Calbert,dcalbertee@xinhuanet.com,Male,Sales,6394
520,Peter,Langsbury,plangsburyef@abc.net.au,Male,Human Resources,5475
521,Marrissa,Winscom,mwinscomeg@fotki.com,Female,Product Management,7449
522,Barbara-anne,Shinn,bshinneh@xrea.com,Female,Legal,6336
523,Alford,Antonchik,aantonchikei@mail.ru,Male,Training,7348
524,Anissa,Rumin,aruminej@npr.org,Female,Accounting,3594
525,Sergio,Divis,sdivisek@paypal.com,Male,Support,4686
526,Nert,Kolinsky,nkolinskyel@xrea.com,Female,Legal,3347
527,Marylee,Benezeit,mbenezeitem@theguardian.com,Female,Training,3929
528,Linet,Huitson,lhuitsonen@pbs.org,Female,Support,7469
529,Kania,OIlier,koiliereo@technorati.com,Female,Engineering,5407
530,Lorettalorna,Kislingbury,lkislingburyep@usnews.com,Female,Legal,5930
531,Armstrong,Bechley,abechleyeq@facebook.com,Male,Business Development,6399
532,Happy,Chipping,hchippinger@typepad.com,Female,Marketing,3756
533,Wilhelmina,Dominico,wdominicoes@dailymotion.com,Female,Sales,4126
534,Inez,Clohisey,iclohiseyet@europa.eu,Female,Sales,3208
535,Bellanca,Dangl,bdangleu@jiathis.com,Female,Support,5681
536,Bessy,Domelaw,bdomelawev@census.gov,Female,Engineering,6701
537,Merrilee,Kemwall,mkemwallew@weather.com,Female,Business Development,4564
538,Barbabra,Foale,bfoaleex@tinyurl.com,Female,Engineering,7707
539,Nigel,McCaw,nmccawey@jigsy.com,Male,Product Management,4413
540,Nahum,Devita,ndevitaez@google.nl,Male,Product Management,3522
541,Tybie,Orae,toraef0@ucoz.ru,Female,Business Development,6617
542,Lucila,Mosconi,lmosconif1@webmd.com,Female,Product Management,5204
543,Cherish,Macy,cmacyf2@xing.com,Female,Research and Development,3815
544,Elita,Stoodale,estoodalef3@umich.edu,Female,Sales,4242
545,Ericka,Schorah,eschorahf4@seattletimes.com,Female,Training,4242
546,Happy,Lennie,hlennief5@disqus.com,Female,Product Management,6034
547,Melodee,Feyer,mfeyerf6@aboutads.info,Female,Research and Development,5536
548,Shawnee,Mizen,smizenf7@bloglines.com,Female,Marketing,7984
549,Fraser,Drysdale,fdrysdalef8@yandex.ru,Male,Training,3305
550,Kaine,Heeron,kheeronf9@alexa.com,Male,Accounting,7610
551,Therine,Franies,tfraniesfa@marriott.com,Female,Legal,7327
552,Arthur,Bartolommeo,abartolommeofb@noaa.gov,Male,Sales,7055
553,Iver,Nowak,inowakfc@icio.us,Male,Marketing,6648
554,Nannie,Swann,nswannfd@wikia.com,Female,Research and Development,6607
555,Conny,Forth,cforthfe@histats.com,Male,Legal,4881
556,Nicolai,Beckmann,nbeckmannff@mtv.com,Male,Engineering,5999
557,Wendel,Tarply,wtarplyfg@themeforest.net,Male,Training,4763
558,Loise,McQuorkel,lmcquorkelfh@dot.gov,Female,Research and Development,4256
559,Jarrid,McLaren,jmclarenfi@nbcnews.com,Male,Human Resources,6484
560,Irv,Mithon,imithonfj@github.com,Male,Human Resources,6018
561,Ruddy,Escreet,rescreetfk@hao123.com,Male,Product Management,3504
562,Chelsy,Lacrouts,clacroutsfl@usa.gov,Female,Product Management,7485
563,Wynne,O' Flaherty,woflahertyfm@edublogs.org,Female,Research and Development,6143
564,Fayina,Griggs,fgriggsfn@house.gov,Female,Product Management,4517
565,Wilek,Gepheart,wgepheartfo@topsy.com,Male,Engineering,6261
566,Bobbie,Annott,bannottfp@clickbank.net,Male,Training,4453
567,Pru,Squelch,psquelchfq@photobucket.com,Female,Support,5206
568,Carly,Jorin,cjorinfr@jiathis.com,Male,Training,7489
569,Danny,Pride,dpridefs@opera.com,Male,Marketing,4009
570,Rosy,Brussels,rbrusselsft@list-manage.com,Female,Training,6799
571,Honoria,Fellows,hfellowsfu@auda.org.au,Female,Business Development,7023
572,Marthe,Crowden,mcrowdenfv@google.cn,Female,Engineering,3709
573,Katharina,Bedham,kbedhamfw@aol.com,Female,Services,4368
574,Deane,Foxton,dfoxtonfx@who.int,Male,Services,6704
575,Derwin,Robroe,drobroefy@hostgator.com,Male,Marketing,3509
576,Hubie,Venning,hvenningfz@barnesandnoble.com,Male,Engineering,4569
577,Wallis,Sorel,wsorelg0@domainmarket.com,Male,Support,5451
578,Earlie,Davidesco,edavidescog1@xrea.com,Male,Business Development,3202
579,Marisa,Zealander,mzealanderg2@pinterest.com,Female,Training,5007
580,Shari,Allcorn,sallcorng3@noaa.gov,Female,Business Development,6581
581,Sharai,Megarry,smegarryg4@aol.com,Female,Services,7810
582,Karyn,Halpeine,khalpeineg5@japanpost.jp,Female,Support,7510
583,Monica,Penwright,mpenwrightg6@mysql.com,Female,Legal,4479
584,Hurleigh,Birkin,hbirking7@census.gov,Male,Marketing,4493
585,Rubin,Caroli,rcarolig8@google.com.hk,Male,Services,7342
586,Christie,Gridon,cgridong9@skyrock.com,Male,Research and Development,4675
587,Daveen,Monte,dmontega@narod.ru,Female,Legal,5215
588,Oberon,Hanrott,ohanrottgb@accuweather.com,Male,Research and Development,6354
589,Jameson,Slowey,jsloweygc@pen.io,Male,Services,3439
590,Tally,Stanworth,tstanworthgd@dell.com,Male,Support,3289
591,Briny,Viscovi,bviscovige@amazon.de,Female,Support,3489
592,Jodee,Menico,jmenicogf@istockphoto.com,Female,Engineering,4559
593,Ryann,Minister,rministergg@state.gov,Female,Support,7764
594,Rancell,Grave,rgravegh@skype.com,Male,Engineering,6593
595,Jessy,Campbell,jcampbellgi@virginia.edu,Female,Training,5045
596,Athene,Pippin,apippingj@phoca.cz,Female,Marketing,3659
597,Esta,Stothart,estothartgk@webs.com,Female,Services,7670
598,Bron,Flipsen,bflipsengl@delicious.com,Male,Product Management,5282
599,Nevin,Midghall,nmidghallgm@list-manage.com,Male,Sales,6490
600,Ralf,Wallwork,rwallworkgn@virginia.edu,Male,Training,5087
601,Inger,Mapples,imapplesgo@who.int,Male,Support,5291
602,Maurits,McLurg,mmclurggp@homestead.com,Male,Product Management,5490
603,Leona,Biesty,lbiestygq@example.com,Female,Product Management,7602
604,Bryon,Wombwell,bwombwellgr@xinhuanet.com,Male,Product Management,6524
605,Atlante,Willmett,awillmettgs@omniture.com,Female,Support,3831
606,Lyn,Walak,lwalakgt@rambler.ru,Male,Business Development,6032
607,Hillel,Sudddard,hsudddardgu@berkeley.edu,Male,Engineering,5466
608,Adelice,Rean,areangv@hhs.gov,Female,Services,7616
609,Tommi,Lympenie,tlympeniegw@apple.com,Female,Sales,3281
610,Cullan,Tripe,ctripegx@blog.com,Male,Sales,7968
611,Braden,Archambault,barchambaultgy@irs.gov,Male,Legal,3489
612,Duffy,Beatens,dbeatensgz@ucla.edu,Male,Engineering,4506
613,Far,McCraw,fmccrawh0@csmonitor.com,Male,Legal,5966
614,Daron,Climo,dclimoh1@ameblo.jp,Female,Training,5591
615,Neely,Newick,nnewickh2@whitehouse.gov,Female,Human Resources,5663
616,Carolee,Fidgin,cfidginh3@europa.eu,Female,Business Development,5823
617,Dell,Reville,drevilleh4@adobe.com,Female,Research and Development,6561
618,Peggy,Bourdel,pbourdelh5@cmu.edu,Female,Business Development,3702
619,Polly,Hurburt,phurburth6@wikia.com,Female,Marketing,6884
620,Milena,French,mfrenchh7@harvard.edu,Female,Accounting,7369
621,Perle,Losebie,plosebieh8@issuu.com,Female,Research and Development,5722
622,Dame,Gare,dgareh9@omniture.com,Male,Engineering,7795
623,Lyndsie,Lints,llintsha@theatlantic.com,Female,Accounting,5425
624,Melantha,Skep,mskephb@sina.com.cn,Female,Sales,7948
625,Engelbert,Michelin,emichelinhc@msu.edu,Male,Accounting,4873
626,Brade,Bresman,bbresmanhd@mapquest.com,Male,Marketing,3525
627,Joella,Burlay,jburlayhe@army.mil,Female,Legal,4129
628,Augustine,Cainey,acaineyhf@mlb.com,Male,Engineering,7228
629,Baxter,Leethem,bleethemhg@opensource.org,Male,Accounting,4682
630,Robina,MacConneely,rmacconneelyhh@utexas.edu,Female,Legal,7991
631,Bettine,Woodall,bwoodallhi@shutterfly.com,Female,Support,5912
632,Panchito,Imms,pimmshj@freewebs.com,Male,Marketing,4869
633,Rebe,Threadgold,rthreadgoldhk@weather.com,Female,Human Resources,6826
634,Tessy,McVitie,tmcvitiehl@ted.com,Female,Sales,3386
635,Deina,Breheny,dbrehenyhm@wisc.edu,Female,Engineering,6076
636,Anastasie,Treffry,atreffryhn@vkontakte.ru,Female,Services,3514
637,Gabie,Depport,gdepportho@cocolog-nifty.com,Male,Sales,4452
638,Isidoro,Fuzzens,ifuzzenshp@paginegialle.it,Male,Research and Development,6571
639,Gabriello,Buxam,gbuxamhq@barnesandnoble.com,Male,Business Development,7063
640,Ilsa,Brasner,ibrasnerhr@squarespace.com,Female,Training,5685
641,Borg,Mounter,bmounterhs@blogger.com,Male,Legal,3763
642,Archaimbaud,Ungaretti,aungarettiht@joomla.org,Male,Support,6580
643,Winn,Littlecote,wlittlecotehu@patch.com,Male,Accounting,4795
644,Umeko,Barents,ubarentshv@un.org,Female,Support,7508
645,Barrett,Wilacot,bwilacothw@ca.gov,Male,Human Resources,3945
646,Audre,Rozycki,arozyckihx@ocn.ne.jp,Female,Legal,5881
647,Rosita,Dartan,rdartanhy@tamu.edu,Female,Legal,6446
648,Barnabas,Raulston,braulstonhz@ca.gov,Male,Legal,5982
649,Meghann,Allix,mallixi0@aboutads.info,Female,Training,7581
650,Sammie,Tettley,stettleyi1@usatoday.com,Male,Legal,7847
651,Cindee,Henriksson,chenrikssoni2@ucsd.edu,Female,Support,3281
652,Justino,Yeardley,jyeardleyi3@toplist.cz,Male,Product Management,4212
653,Guillermo,Ballam,gballami4@sciencedaily.com,Male,Support,6429
654,Muhammad,Cumberlidge,mcumberlidgei5@free.fr,Male,Business Development,6983
655,Pooh,Lodden,ploddeni6@imageshack.us,Male,Sales,3228
656,Michaella,Louca,mloucai7@weather.com,Female,Product Management,5603
657,Kaylee,Heild,kheildi8@tamu.edu,Female,Product Management,3506
658,Glenda,Edland,gedlandi9@livejournal.com,Female,Business Development,6954
659,Althea,Tremain,atremainia@goodreads.com,Female,Business Development,3771
660,Bourke,Jeacop,bjeacopib@goo.gl,Male,Legal,4226
661,Celestina,Webbe,cwebbeic@behance.net,Female,Human Resources,7923
662,Arny,Stood,astoodid@kickstarter.com,Male,Services,7401
663,Dena,Wysome,dwysomeie@nps.gov,Female,Legal,4434
664,Luelle,Feldhammer,lfeldhammerif@comcast.net,Female,Support,4084
665,Toni,Brownsea,tbrownseaig@eepurl.com,Female,Marketing,5664
666,Anstice,Iacomini,aiacominiih@cdc.gov,Female,Accounting,3770
667,Felipa,Dingwall,fdingwallii@scribd.com,Female,Services,6032
668,Porter,Wynrahame,pwynrahameij@nyu.edu,Male,Accounting,4669
669,Gery,Ibeson,gibesonik@merriam-webster.com,Male,Research and Development,5312
670,Janina,Granham,jgranhamil@dyndns.org,Female,Services,6324
671,Alec,Lunbech,alunbechim@independent.co.uk,Male,Sales,7976
672,Penni,Puller,ppullerin@biblegateway.com,Female,Training,4128
673,Pancho,Georgeot,pgeorgeotio@bandcamp.com,Male,Human Resources,3245
674,Roley,Patty,rpattyip@nytimes.com,Male,Engineering,5758
675,Dinny,Tregona,dtregonaiq@cbc.ca,Female,Training,4633
676,Carry,Cansfield,ccansfieldir@stumbleupon.com,Female,Legal,7253
677,Karim,Crowcum,kcrowcumis@virginia.edu,Male,Engineering,3302
678,Tommie,Soreau,tsoreauit@barnesandnoble.com,Male,Support,3682
679,Gunilla,Carnaman,gcarnamaniu@redcross.org,Female,Engineering,3283
680,Rancell,Shirt,rshirtiv@harvard.edu,Male,Legal,3746
681,Karel,Fawdrie,kfawdrieiw@buzzfeed.com,Female,Product Management,5504
682,Emmanuel,Burrell,eburrellix@google.co.uk,Male,Engineering,4732
683,Tedman,Snasel,tsnaseliy@taobao.com,Male,Marketing,5498
684,Magnum,Meeus,mmeeusiz@de.vu,Male,Accounting,6851
685,Minne,Skeat,mskeatj0@fotki.com,Female,Product Management,7451
686,Stepha,Hallawell,shallawellj1@jiathis.com,Female,Sales,4352
687,Orson,Baise,obaisej2@oracle.com,Male,Research and Development,7005
688,Manfred,Kiss,mkissj3@skype.com,Male,Legal,7161
689,Leola,Vayro,lvayroj4@skype.com,Female,Human Resources,4101
690,Jud,Geldert,jgeldertj5@myspace.com,Male,Business Development,4275
691,Claiborn,Boggs,cboggsj6@marketwatch.com,Male,Training,7899
692,Fritz,Morley,fmorleyj7@mysql.com,Male,Marketing,7374
693,Cecilia,Nice,cnicej8@hhs.gov,Female,Services,7971
694,Angelo,Legier,alegierj9@whitehouse.gov,Male,Product Management,4907
695,Susana,Castaneda,scastanedaja@hibu.com,Female,Engineering,5041
696,Rob,Crighton,rcrightonjb@eventbrite.com,Male,Accounting,5514
697,Roseann,Vakhlov,rvakhlovjc@thetimes.co.uk,Female,Marketing,4009
698,Shelden,Berdale,sberdalejd@microsoft.com,Male,Engineering,3206
699,Kevina,Caddock,kcaddockje@irs.gov,Female,Services,4733
700,Fey,Gatrell,fgatrelljf@flickr.com,Female,Legal,6514
701,Ty,Halvosen,thalvosenjg@loc.gov,Male,Engineering,5844
702,Lexy,Leteurtre,lleteurtrejh@europa.eu,Female,Sales,4162
703,Esther,Iacivelli,eiacivelliji@microsoft.com,Female,Product Management,6273
704,Haleigh,Torrans,htorransjj@telegraph.co.uk,Male,Sales,6072
705,Rooney,FitzAlan,rfitzalanjk@myspace.com,Male,Product Management,3569
706,Guglielmo,Dugood,gdugoodjl@comcast.net,Male,Accounting,7045
707,Arlinda,Swinley,aswinleyjm@bigcartel.com,Female,Engineering,6665
708,Polly,O'Keeffe,pokeeffejn@comsenz.com,Female,Marketing,6321
709,Rosemaria,Robshaw,rrobshawjo@google.it,Female,Business Development,5670
710,Ivor,Marushak,imarushakjp@jalbum.net,Male,Product Management,3688
711,Ruy,Minghi,rminghijq@unicef.org,Male,Business Development,4800
712,Slade,Turl,sturljr@boston.com,Male,Accounting,7892
713,Englebert,Bisatt,ebisattjs@cisco.com,Male,Business Development,4350
714,Caril,McMillan,cmcmillanjt@youku.com,Female,Support,4717
715,Jaymie,Steggles,jstegglesju@chron.com,Male,Services,3332
716,Mandie,Irving,mirvingjv@hugedomains.com,Female,Marketing,5610
717,Ruthy,Wooder,rwooderjw@tinypic.com,Female,Training,7440
718,Gorden,Reis,greisjx@constantcontact.com,Male,Legal,5888
719,Neall,McEnery,nmceneryjy@behance.net,Male,Support,3466
720,Vlad,Sturridge,vsturridgejz@parallels.com,Male,Business Development,3835
721,Lenard,Goslin,lgoslink0@sourceforge.net,Male,Human Resources,5772
722,Enrique,Pow,epowk1@bloomberg.com,Male,Engineering,3577
723,Miriam,Curnick,mcurnickk2@biglobe.ne.jp,Female,Accounting,4896
724,Shell,Weedenburg,sweedenburgk3@cocolog-nifty.com,Female,Marketing,3292
725,Rina,Toppin,rtoppink4@printfriendly.com,Female,Product Management,4970
726,Joby,Cheevers,jcheeversk5@goo.gl,Female,Accounting,5924
727,Alfy,Galley,agalleyk6@cisco.com,Female,Support,7793
728,Ignace,Tedahl,itedahlk7@springer.com,Male,Engineering,5216
729,Robbie,Perigoe,rperigoek8@goo.ne.jp,Male,Support,5967
730,Novelia,Beckmann,nbeckmannk9@ow.ly,Female,Human Resources,7609
731,Perrine,MacIlriach,pmacilriachka@springer.com,Female,Engineering,7157
732,Octavius,Ragot,oragotkb@nyu.edu,Male,Product Management,7042
733,Delly,Dowding,ddowdingkc@va.gov,Female,Accounting,4299
734,Lilias,Naisey,lnaiseykd@vinaora.com,Female,Sales,6868
735,Reinold,Happer,rhapperke@feedburner.com,Male,Product Management,4070
736,Dalston,Kinner,dkinnerkf@google.ca,Male,Legal,5183
737,Nadiya,Shepland,nsheplandkg@hc360.com,Female,Business Development,7137
738,Randolf,O'Fairy,rofairykh@myspace.com,Male,Human Resources,7110
739,Jase,Killock,jkillockki@google.co.uk,Male,Services,3283
740,Hunfredo,Fussie,hfussiekj@baidu.com,Male,Marketing,6653
741,Doralia,Houldcroft,dhouldcroftkk@mac.com,Female,Services,6940
742,Nappie,Mauditt,nmaudittkl@miibeian.gov.cn,Male,Services,7610
743,Gael,Gajownik,ggajownikkm@jimdo.com,Female,Human Resources,5473
744,Mala,Bibb,mbibbkn@comsenz.com,Female,Marketing,4590
745,Graig,Sallenger,gsallengerko@smh.com.au,Male,Marketing,7310
746,Moses,Willers,mwillerskp@bluehost.com,Male,Product Management,4392
747,Hilly,Palfreyman,hpalfreymankq@wsj.com,Male,Services,3548
748,Kenon,Schubuser,kschubuserkr@jimdo.com,Male,Research and Development,7944
749,Gayel,Cawker,gcawkerks@google.com.br,Female,Business Development,5949
750,Leandra,MacGillacolm,lmacgillacolmkt@apache.org,Female,Product Management,4787
751,Flss,McGuckin,fmcguckinku@opera.com,Female,Business Development,4823
752,Jesse,Bute,jbutekv@hc360.com,Female,Services,6280
753,Alair,Gullen,agullenkw@cbslocal.com,Male,Accounting,4719
754,Keven,Tout,ktoutkx@naver.com,Male,Services,7040
755,Kellina,Treker,ktrekerky@shop-pro.jp,Female,Marketing,3769
756,Rossy,Killshaw,rkillshawkz@yelp.com,Male,Sales,5401
757,Germayne,MacCourt,gmaccourtl0@lycos.com,Male,Training,4552
758,Juliane,Moberley,jmoberleyl1@alexa.com,Female,Human Resources,3776
759,Maddi,Brake,mbrakel2@seattletimes.com,Female,Services,7809
760,Sinclare,Ordidge,sordidgel3@microsoft.com,Male,Business Development,7334
761,Chilton,Delhay,cdelhayl4@independent.co.uk,Male,Marketing,5089
762,Cassandra,Elstob,celstobl5@imageshack.us,Female,Training,4635
763,Mitzi,Alf,malfl6@theatlantic.com,Female,Product Management,6910
764,Carissa,Comellini,ccomellinil7@arstechnica.com,Female,Services,3232
765,Nye,Osgardby,nosgardbyl8@disqus.com,Male,Business Development,7448
766,Constantino,Allon,callonl9@theglobeandmail.com,Male,Marketing,6171
767,Jesse,Marians,jmariansla@sakura.ne.jp,Male,Engineering,4890
768,Ingrim,Muffett,imuffettlb@t-online.de,Male,Training,6550
769,Sam,Myton,smytonlc@etsy.com,Female,Training,6861
770,Erv,Clissett,eclissettld@squidoo.com,Male,Product Management,5913
771,Pennie,Broggini,pbrogginile@ning.com,Female,Product Management,4442
772,Tim,Ellershaw,tellershawlf@va.gov,Female,Services,7993
773,Isidora,Scathard,iscathardlg@fda.gov,Female,Accounting,3964
774,Noami,Cockroft,ncockroftlh@storify.com,Female,Services,7098
775,Stacie,Tuting,stutingli@huffingtonpost.com,Female,Marketing,7448
776,Ford,McAuley,fmcauleylj@hc360.com,Male,Services,6101
777,Lennard,Comley,lcomleylk@mit.edu,Male,Services,6892
778,Kerby,Wallbutton,kwallbuttonll@prweb.com,Male,Engineering,5378
779,Ivory,Oxherd,ioxherdlm@admin.ch,Female,Engineering,7548
780,Arleyne,Maudson,amaudsonln@fc2.com,Female,Services,7974
781,Raimund,Fidele,rfidelelo@deliciousdays.com,Male,Sales,7557
782,Benni,Beiderbeck,bbeiderbecklp@lycos.com,Female,Support,3237
783,Meredith,Keeves,mkeeveslq@themeforest.net,Female,Marketing,5281
784,Byrann,Larmouth,blarmouthlr@ebay.com,Male,Legal,4990
785,Shaw,Beresfore,sberesforels@csmonitor.com,Male,Research and Development,6977
786,Joya,Tomich,jtomichlt@amazon.co.uk,Female,Training,6623
787,Mike,Sallarie,msallarielu@skyrock.com,Male,Support,5310
788,Deina,Dyster,ddysterlv@senate.gov,Female,Product Management,3392
789,Charita,Manthorpe,cmanthorpelw@mozilla.com,Female,Business Development,7681
790,Jameson,Bagot,jbagotlx@gnu.org,Male,Marketing,5925
791,Taylor,Hembling,themblingly@soundcloud.com,Male,Marketing,7038
792,Rosalia,Burgane,rburganelz@bing.com,Female,Sales,5505
793,Cal,Friskey,cfriskeym0@jimdo.com,Male,Business Development,3728
794,Josiah,Blatherwick,jblatherwickm1@go.com,Male,Training,5918
795,Pryce,Batsford,pbatsfordm2@epa.gov,Male,Product Management,7428
796,Marlene,Samme,msammem3@ibm.com,Female,Accounting,4765
797,Elicia,Dugdale,edugdalem4@theglobeandmail.com,Female,Accounting,7385
798,Lorelle,Huniwall,lhuniwallm5@github.com,Female,Business Development,7540
799,Stephi,Etridge,setridgem6@google.com.hk,Female,Business Development,5063
800,Vivian,Smardon,vsmardonm7@oakley.com,Female,Accounting,6541
801,Archibald,Fearon,afearonm8@elpais.com,Male,Legal,6925
802,Olivette,Girvin,ogirvinm9@hc360.com,Female,Marketing,7293
803,Domingo,Peter,dpeterma@salon.com,Male,Business Development,5312
804,Siouxie,Oglethorpe,soglethorpemb@mit.edu,Female,Research and Development,7893
805,Clementia,Elcock,celcockmc@merriam-webster.com,Female,Marketing,7097
806,Roberta,Stannett,rstannettmd@upenn.edu,Female,Business Development,3492
807,Eyde,Ormrod,eormrodme@un.org,Female,Marketing,4141
808,Godart,Hinrichsen,ghinrichsenmf@google.de,Male,Accounting,5420
809,Teodoro,Bleakman,tbleakmanmg@behance.net,Male,Product Management,6893
810,Waldo,Ybarra,wybarramh@netlog.com,Male,Human Resources,6315
811,Bessy,Wandrich,bwandrichmi@timesonline.co.uk,Female,Support,7442
812,Casper,MacNalley,cmacnalleymj@hexun.com,Male,Legal,5151
813,Solomon,Bucktrout,sbucktroutmk@shareasale.com,Male,Services,6433
814,Abbi,Yeandel,ayeandelml@nhs.uk,Female,Product Management,6640
815,Beatrisa,Spittles,bspittlesmm@plala.or.jp,Female,Product Management,6753
816,Karleen,Mauser,kmausermn@flavors.me,Female,Legal,4175
817,Arlette,Wadge,awadgemo@shop-pro.jp,Female,Services,4559
818,Artair,Hugk,ahugkmp@macromedia.com,Male,Services,3343
819,Augie,Simecek,asimecekmq@linkedin.com,Male,Legal,4659
820,Gilligan,Gritsunov,ggritsunovmr@icio.us,Female,Services,3876
821,Phylis,Abells,pabellsms@acquirethisname.com,Female,Legal,3916
822,Larissa,Skase,lskasemt@twitter.com,Female,Marketing,3769
823,Hermon,Isakson,hisaksonmu@deviantart.com,Male,Marketing,3217
824,Hayes,Whibley,hwhibleymv@columbia.edu,Male,Business Development,4136
825,Cookie,Kears,ckearsmw@tumblr.com,Female,Research and Development,5875
826,Massimiliano,Cooley,mcooleymx@indiegogo.com,Male,Product Management,6611
827,Kelwin,Ughini,kughinimy@intel.com,Male,Support,3204
828,Reilly,Sparhawk,rsparhawkmz@china.com.cn,Male,Support,6855
829,Joyan,Bruyntjes,jbruyntjesn0@histats.com,Female,Legal,3820
830,Hyacintha,Rheubottom,hrheubottomn1@com.com,Female,Accounting,4103
831,Rubie,Breffitt,rbreffittn2@blogs.com,Female,Business Development,6633
832,Vanni,Guage,vguagen3@hibu.com,Female,Marketing,7964
833,Madelene,Sargeant,msargeantn4@mail.ru,Female,Research and Development,4541
834,Faydra,Boggas,fboggasn5@utexas.edu,Female,Sales,5793
835,Barty,Dreamer,bdreamern6@webs.com,Male,Support,4085
836,Antoine,Blench,ablenchn7@geocities.com,Male,Training,7971
837,Alysia,Feacham,afeachamn8@qq.com,Female,Legal,5669
838,Bibbye,Stadden,bstaddenn9@wiley.com,Female,Human Resources,6488
839,Greg,Dredge,gdredgena@yahoo.co.jp,Male,Accounting,4290
840,Hayes,Fulger,hfulgernb@apple.com,Male,Marketing,5888
841,Rey,Georgel,rgeorgelnc@multiply.com,Female,Research and Development,6148
842,Fonsie,Cockerton,fcockertonnd@github.io,Male,Support,6095
843,Abie,Waltering,awalteringne@google.nl,Male,Human Resources,6657
844,Auguste,Winslade,awinsladenf@soup.io,Female,Accounting,7643
845,Silvio,Ulster,sulsterng@sohu.com,Male,Accounting,5648
846,Britta,Potzold,bpotzoldnh@gizmodo.com,Female,Human Resources,4645
847,Lennie,Beaze,lbeazeni@indiegogo.com,Male,Support,6116
848,Ingelbert,Geldeford,igeldefordnj@cbsnews.com,Male,Accounting,3506
849,Pen,Websdale,pwebsdalenk@devhub.com,Female,Training,4395
850,Tamera,Laite,tlaitenl@altervista.org,Female,Services,5445
851,Kassi,Quarton,kquartonnm@cbsnews.com,Female,Accounting,6265
852,Wyatan,Glanton,wglantonnn@goodreads.com,Male,Product Management,4417
853,Leena,Faulo,lfaulono@technorati.com,Female,Engineering,6734
854,Lonnie,Acuna,lacunanp@eventbrite.com,Female,Support,7186
855,Norine,Caret,ncaretnq@hao123.com,Female,Training,5747
856,Paddie,Brunone,pbrunonenr@wiley.com,Male,Services,3302
857,Erin,Kubin,ekubinns@blogspot.com,Female,Legal,3946
858,Tomaso,Silvers,tsilversnt@storify.com,Male,Support,4087
859,Cristian,Fairbourne,cfairbournenu@upenn.edu,Male,Business Development,7799
860,Dore,Clerc,dclercnv@topsy.com,Female,Legal,3789
861,Roddie,Pendergast,rpendergastnw@cnet.com,Male,Engineering,7781
862,Valencia,Linacre,vlinacrenx@dailymotion.com,Female,Marketing,4993
863,Geneva,Vatcher,gvatcherny@4shared.com,Female,Training,7689
864,Noel,Mugg,nmuggnz@flavors.me,Male,Sales,5252
865,Robert,Iacomo,riacomoo0@squidoo.com,Male,Training,6416
866,Red,Mounter,rmountero1@yahoo.com,Male,Engineering,7837
867,Addie,Delafoy,adelafoyo2@google.pl,Male,Support,5612
868,Adrienne,Yearnes,ayearneso3@goodreads.com,Female,Sales,7981
869,Bell,Gurge,bgurgeo4@bluehost.com,Female,Research and Development,7863
870,Stevie,Claasen,sclaaseno5@privacy.gov.au,Male,Services,6634
871,Adele,Derrell,aderrello6@flavors.me,Female,Accounting,6878
872,Carmina,Southern,csoutherno7@rambler.ru,Female,Business Development,3980
873,Evie,Lawful,elawfulo8@ocn.ne.jp,Female,Engineering,4860
874,Peter,Bangiard,pbangiardo9@dagondesign.com,Male,Legal,5427
875,Tamqrah,Longland,tlonglandoa@about.me,Female,Training,3758
876,Carlo,Jarrel,cjarrelob@comcast.net,Male,Training,6143
877,Marty,Anstead,mansteadoc@go.com,Male,Training,6222
878,Bink,Nan Carrow,bnancarrowod@seesaa.net,Male,Legal,5978
879,Artair,Swanborough,aswanboroughoe@ox.ac.uk,Male,Engineering,3498
880,Aldon,Domengue,adomengueof@hatena.ne.jp,Male,Legal,4093
881,Osmond,Jeannaud,ojeannaudog@webeden.co.uk,Male,Sales,4421
882,Norrie,Minter,nminteroh@indiatimes.com,Male,Engineering,5854
883,Giorgi,Aspinell,gaspinelloi@cyberchimps.com,Male,Human Resources,4691
884,Lawrence,Kearley,lkearleyoj@google.de,Male,Engineering,4952
885,Andrei,Reville,arevilleok@lulu.com,Female,Engineering,7891
886,Bord,Boag,bboagol@mashable.com,Male,Training,7996
887,Coralyn,Garford,cgarfordom@plala.or.jp,Female,Accounting,3576
888,Dale,Horley,dhorleyon@ezinearticles.com,Male,Marketing,7810
889,Melli,Scase,mscaseoo@smugmug.com,Female,Support,3767
890,Ealasaid,Trime,etrimeop@netlog.com,Female,Sales,5233
891,Walther,Draycott,wdraycottoq@etsy.com,Male,Accounting,4461
892,Myrta,Sage,msageor@wordpress.org,Female,Business Development,7894
893,Catherine,Noyce,cnoyceos@acquirethisname.com,Female,Business Development,5023
894,Zared,Shimman,zshimmanot@51.la,Male,Marketing,7271
895,Gladi,Widdop,gwiddopou@dell.com,Female,Business Development,5107
896,Viole,Vitler,vvitlerov@linkedin.com,Female,Support,7902
897,Felix,Jeppensen,fjeppensenow@about.me,Male,Support,3746
898,Mike,Kirtland,mkirtlandox@webeden.co.uk,Male,Services,7947
899,Aurie,Niesegen,aniesegenoy@accuweather.com,Female,Product Management,5044
900,Aeriela,Wadham,awadhamoz@printfriendly.com,Female,Legal,7759
901,Gayler,Rodrigues,grodriguesp0@geocities.com,Male,Research and Development,3603
902,Patrice,Olyfant,polyfantp1@army.mil,Male,Engineering,4123
903,Dyanna,Esby,desbyp2@admin.ch,Female,Business Development,3433
904,Davidson,Emblow,demblowp3@un.org,Male,Product Management,3787
905,Rolland,Saenz,rsaenzp4@devhub.com,Male,Business Development,7098
906,Mickie,Lindop,mlindopp5@miitbeian.gov.cn,Female,Legal,6076
907,Ashley,Wrist,awristp6@bigcartel.com,Female,Product Management,5314
908,Bartel,Emerson,bemersonp7@netscape.com,Male,Training,4262
909,Tremain,Amberger,tambergerp8@boston.com,Male,Engineering,6057
910,Nevins,Eynaud,neynaudp9@skype.com,Male,Marketing,6045
911,Codi,Waith,cwaithpa@hao123.com,Female,Engineering,3283
912,Kelcy,Ellershaw,kellershawpb@ebay.com,Female,Legal,7536
913,Shannon,Everard,severardpc@weebly.com,Female,Services,4412
914,Margaret,Ramstead,mramsteadpd@cbslocal.com,Female,Services,5306
915,Gerry,Dowyer,gdowyerpe@forbes.com,Male,Legal,3681
916,Briano,MacRinn,bmacrinnpf@pen.io,Male,Engineering,7706
917,Wiatt,Wandrack,wwandrackpg@sciencedirect.com,Male,Accounting,6472
918,Jules,Squelch,jsquelchph@toplist.cz,Male,Research and Development,6007
919,Blinni,Sperrett,bsperrettpi@chronoengine.com,Female,Marketing,7394
920,Corrina,Casebourne,ccasebournepj@163.com,Female,Accounting,6549
921,Burlie,Lamming,blammingpk@cmu.edu,Male,Business Development,4953
922,Roarke,Pullman,rpullmanpl@cbsnews.com,Male,Research and Development,4719
923,Rosaleen,Cleobury,rcleoburypm@t-online.de,Female,Research and Development,7711
924,Stella,Densey,sdenseypn@bing.com,Female,Marketing,6175
925,Ozzie,Foottit,ofoottitpo@nih.gov,Male,Engineering,7338
926,Edgar,Abrams,eabramspp@army.mil,Male,Legal,5310
927,Sherry,Farfull,sfarfullpq@etsy.com,Female,Training,6332
928,Ulrick,Snufflebottom,usnufflebottompr@photobucket.com,Male,Research and Development,6613
929,Bertha,Bolver,bbolverps@ihg.com,Female,Training,5979
930,Marline,Gofton,mgoftonpt@multiply.com,Female,Training,7820
931,Terry,Gorrie,tgorriepu@upenn.edu,Male,Legal,5183
932,Clerkclaude,Klimpt,cklimptpv@va.gov,Male,Sales,4303
933,Konstance,Borchardt,kborchardtpw@lycos.com,Female,Sales,5022
934,Genevra,Okroy,gokroypx@cmu.edu,Female,Training,6865
935,Natka,Masterson,nmastersonpy@unicef.org,Female,Training,7868
936,Lowe,Samuel,lsamuelpz@reverbnation.com,Male,Marketing,3665
937,Anabelle,Noen,anoenq0@nature.com,Female,Research and Development,4269
938,Blair,Torpie,btorpieq1@amazon.co.uk,Female,Legal,5531
939,Eirena,Yakov,eyakovq2@amazon.co.jp,Female,Sales,7331
940,Jens,Kopec,jkopecq3@spiegel.de,Male,Business Development,3852
941,Reginald,Ferryn,rferrynq4@upenn.edu,Male,Engineering,6661
942,Fair,Baddow,fbaddowq5@weibo.com,Male,Accounting,6317
943,Leroy,Billanie,lbillanieq6@jugem.jp,Male,Research and Development,5977
944,Rickert,Riolfi,rriolfiq7@trellian.com,Male,Sales,5996
945,Perceval,Ciobutaro,pciobutaroq8@cargocollective.com,Male,Sales,4198
946,Felic,Vlasyuk,fvlasyukq9@flavors.me,Male,Engineering,7247
947,Opaline,Corish,ocorishqa@google.co.uk,Female,Support,6488
948,Latisha,Greatrakes,lgreatrakesqb@mapy.cz,Female,Sales,6279
949,Hermia,Suttie,hsuttieqc@fema.gov,Female,Services,4327
950,Sorcha,Lefley,slefleyqd@weibo.com,Female,Business Development,7849
951,Johnette,Cosgrave,jcosgraveqe@zimbio.com,Female,Engineering,6321
952,Jorgan,Hinkes,jhinkesqf@bbb.org,Male,Services,6358
953,Mariette,Prandini,mprandiniqg@linkedin.com,Female,Training,4817
954,Renie,Thurstan,rthurstanqh@dropbox.com,Female,Research and Development,4856
955,Demetra,Waple,dwapleqi@wikia.com,Female,Support,7434
956,Sybyl,Nolda,snoldaqj@elegantthemes.com,Female,Research and Development,5663
957,Aron,Fearnehough,afearnehoughqk@uol.com.br,Male,Services,6453
958,Janela,Vila,jvilaql@infoseek.co.jp,Female,Research and Development,3357
959,Antonella,Causier,acausierqm@shop-pro.jp,Female,Human Resources,3959
960,Garfield,Blaschek,gblaschekqn@networkadvertising.org,Male,Training,3647
961,Alric,Sylvester,asylvesterqo@opensource.org,Male,Research and Development,5258
962,Cleo,Paterno,cpaternoqp@newyorker.com,Female,Business Development,7810
963,Tuckie,Elmhurst,telmhurstqq@youtu.be,Male,Support,5625
964,Terrell,Balston,tbalstonqr@skype.com,Male,Sales,4076
965,Eric,Waylett,ewaylettqs@freewebs.com,Male,Training,5100
966,Sonnnie,Ivain,sivainqt@mlb.com,Female,Support,6012
967,Nikolia,Curnow,ncurnowqu@amazon.com,Female,Training,5898
968,Ruthanne,Bjorkan,rbjorkanqv@hubpages.com,Female,Accounting,5734
969,Elva,Corrington,ecorringtonqw@prlog.org,Female,Human Resources,7395
970,Erskine,Omand,eomandqx@miibeian.gov.cn,Male,Human Resources,7658
971,Bud,Blowers,bblowersqy@slate.com,Male,Legal,6527
972,Osbourne,Crankhorn,ocrankhornqz@plala.or.jp,Male,Marketing,5702
973,Gregory,Brewin,gbrewinr0@kickstarter.com,Male,Research and Development,4855
974,Lou,Marsh,lmarshr1@comcast.net,Male,Engineering,5325
975,Nathalie,Birchner,nbirchnerr2@aboutads.info,Female,Product Management,5857
976,Orel,Randal,orandalr3@gmpg.org,Female,Human Resources,7415
977,Arney,Bouzek,abouzekr4@live.com,Male,Product Management,3482
978,Sabrina,Brixey,sbrixeyr5@ezinearticles.com,Female,Legal,6287
979,Hastings,Joscelyne,hjoscelyner6@geocities.jp,Male,Marketing,4868
980,Wright,Cocks,wcocksr7@cnet.com,Male,Business Development,6083
981,Colin,Aiers,caiersr8@buzzfeed.com,Male,Training,5956
982,Cletis,Matthis,cmatthisr9@columbia.edu,Male,Human Resources,4196
983,Quintilla,Hamley,qhamleyra@deliciousdays.com,Female,Marketing,6047
984,Yank,O'Gavin,yogavinrb@walmart.com,Male,Engineering,6234
985,Red,Glayzer,rglayzerrc@livejournal.com,Male,Business Development,3547
986,Jamal,Dach,jdachrd@usda.gov,Male,Training,6101
987,Edee,Crady,ecradyre@ft.com,Female,Legal,4121
988,Franny,Teanby,fteanbyrf@flickr.com,Female,Product Management,6118
989,Katina,Jaimez,kjaimezrg@npr.org,Female,Marketing,7207
990,Alfy,Lampard,alampardrh@hostgator.com,Female,Training,7830
991,Gasparo,Kubicek,gkubicekri@facebook.com,Male,Human Resources,6218
992,Georgina,Syder,gsyderrj@godaddy.com,Female,Business Development,3309
993,Angelia,Camois,acamoisrk@patch.com,Female,Legal,3297
994,Emmie,Phidgin,ephidginrl@gnu.org,Female,Sales,6529
995,Iorgos,Giveen,igiveenrm@economist.com,Male,Training,5419
996,Sosanna,Weatherburn,sweatherburnrn@sfgate.com,Female,Product Management,4778
997,Deborah,Easbie,deasbiero@rediff.com,Female,Accounting,3200
998,Andris,Clogg,acloggrp@tamu.edu,Male,Human Resources,4090
999,Constantina,Nolton,cnoltonrq@walmart.com,Female,Product Management,7172
1000,Remus,Daviddi,rdaviddirr@hao123.com,Male,Product Management,7211
